﻿<?xml version="1.0" encoding="utf-8"?><trustInfo xmlns="urn:schemas-microsoft-com:asm.v2" xmlns:asmv2="urn:schemas-microsoft-com:asm.v2"><security><applicationRequestMinimum><PermissionSet class="System.Security.PermissionSet" version="1" Unrestricted="true" ID="Custom" SameSite="site" /><defaultAssemblyRequest permissionSetReference="Custom" /></applicationRequestMinimum><requestedPrivileges xmlns="urn:schemas-microsoft-com:asm.v3"><!--
          UAC 清单选项
          如果要更改 Windows 用户帐户控制级别，请
          用下面的某一项替换 requestedExecutionLevel 节点。

        <requestedExecutionLevel  level="asInvoker" uiAccess="false" />
        <requestedExecutionLevel  level="requireAdministrator" uiAccess="false" />
        <requestedExecutionLevel  level="highestAvailable" uiAccess="false" />

         如果要利用文件和注册表虚拟化实现向后
         兼容，请删除 requestedExecutionLevel 节点。
    --><requestedExecutionLevel level="asInvoker" uiAccess="false" /></requestedPrivileges></security></trustInfo>