<?xml version="1.0" encoding="UTF-8"?><?xml-stylesheet type='text/xsl' href='_UpgradeReport_Files/UpgradeReport.xslt'?><UpgradeLog>
<Properties><Property Name="Solution" Value="DTK APPLICATION">
</Property><Property Name="解决方案文件" Value="D:\360云盘\DTK Zigbee Configure V61\DTK APPLICATION COM\DTK APPLICATION.sln">
</Property><Property Name="用户选项文件" Value="D:\360云盘\DTK Zigbee Configure V61\DTK APPLICATION COM\DTK APPLICATION.suo">
</Property><Property Name="Date" Value="2013年7月2日">
</Property><Property Name="Time" Value="8:52">
</Property></Properties><Event ErrorLevel="0" Project="" Source="DTK APPLICATION.sln" Description="文件已成功备份为 D:\360云盘\DTK Zigbee Configure V61\DTK APPLICATION COM\Backup\DTK APPLICATION.sln">
</Event><Event ErrorLevel="0" Project="" Source="DTK APPLICATION.suo" Description="文件已成功备份为 D:\360云盘\DTK Zigbee Configure V61\DTK APPLICATION COM\Backup\DTK APPLICATION.suo">
</Event><Event ErrorLevel="0" Project="DTK APPLICATION" Source="DTK APPLICATION.vbproj" Description="项目文件已成功备份为 D:\360云盘\DTK Zigbee Configure V61\DTK APPLICATION COM\Backup\DTK APPLICATION.vbproj">
</Event><Event ErrorLevel="0" Project="DTK APPLICATION" Source="Form1.vb" Description="文件已成功备份为 D:\360云盘\DTK Zigbee Configure V61\DTK APPLICATION COM\Backup\Form1.vb">
</Event><Event ErrorLevel="0" Project="DTK APPLICATION" Source="Form1.Designer.vb" Description="文件已成功备份为 D:\360云盘\DTK Zigbee Configure V61\DTK APPLICATION COM\Backup\Form1.Designer.vb">
</Event><Event ErrorLevel="0" Project="DTK APPLICATION" Source="Form2.Designer.vb" Description="文件已成功备份为 D:\360云盘\DTK Zigbee Configure V61\DTK APPLICATION COM\Backup\Form2.Designer.vb">
</Event><Event ErrorLevel="0" Project="DTK APPLICATION" Source="Form2.vb" Description="文件已成功备份为 D:\360云盘\DTK Zigbee Configure V61\DTK APPLICATION COM\Backup\Form2.vb">
</Event><Event ErrorLevel="0" Project="DTK APPLICATION" Source="MainForm.Designer.vb" Description="文件已成功备份为 D:\360云盘\DTK Zigbee Configure V61\DTK APPLICATION COM\Backup\MainForm.Designer.vb">
</Event><Event ErrorLevel="0" Project="DTK APPLICATION" Source="MainForm.vb" Description="文件已成功备份为 D:\360云盘\DTK Zigbee Configure V61\DTK APPLICATION COM\Backup\MainForm.vb">
</Event><Event ErrorLevel="0" Project="DTK APPLICATION" Source="My Project\AssemblyInfo.vb" Description="文件已成功备份为 D:\360云盘\DTK Zigbee Configure V61\DTK APPLICATION COM\Backup\My Project\AssemblyInfo.vb">
</Event><Event ErrorLevel="0" Project="DTK APPLICATION" Source="My Project\Application.Designer.vb" Description="文件已成功备份为 D:\360云盘\DTK Zigbee Configure V61\DTK APPLICATION COM\Backup\My Project\Application.Designer.vb">
</Event><Event ErrorLevel="0" Project="DTK APPLICATION" Source="My Project\Resources.Designer.vb" Description="文件已成功备份为 D:\360云盘\DTK Zigbee Configure V61\DTK APPLICATION COM\Backup\My Project\Resources.Designer.vb">
</Event><Event ErrorLevel="0" Project="DTK APPLICATION" Source="My Project\Settings.Designer.vb" Description="文件已成功备份为 D:\360云盘\DTK Zigbee Configure V61\DTK APPLICATION COM\Backup\My Project\Settings.Designer.vb">
</Event><Event ErrorLevel="0" Project="DTK APPLICATION" Source="My Project\Application.myapp" Description="文件已成功备份为 D:\360云盘\DTK Zigbee Configure V61\DTK APPLICATION COM\Backup\My Project\Application.myapp">
</Event><Event ErrorLevel="0" Project="DTK APPLICATION" Source="My Project\Settings.settings" Description="文件已成功备份为 D:\360云盘\DTK Zigbee Configure V61\DTK APPLICATION COM\Backup\My Project\Settings.settings">
</Event><Event ErrorLevel="0" Project="DTK APPLICATION" Source="Pic\DRF2617A05.jpg" Description="文件已成功备份为 D:\360云盘\DTK Zigbee Configure V61\DTK APPLICATION COM\Backup\Pic\DRF2617A05.jpg">
</Event><Event ErrorLevel="0" Project="DTK APPLICATION" Source="Pic\Location-01.jpg" Description="文件已成功备份为 D:\360云盘\DTK Zigbee Configure V61\DTK APPLICATION COM\Backup\Pic\Location-01.jpg">
</Event><Event ErrorLevel="0" Project="DTK APPLICATION" Source="Form1.resx" Description="文件已成功备份为 D:\360云盘\DTK Zigbee Configure V61\DTK APPLICATION COM\Backup\Form1.resx">
</Event><Event ErrorLevel="0" Project="DTK APPLICATION" Source="Form2.resx" Description="文件已成功备份为 D:\360云盘\DTK Zigbee Configure V61\DTK APPLICATION COM\Backup\Form2.resx">
</Event><Event ErrorLevel="0" Project="DTK APPLICATION" Source="MainForm.resx" Description="文件已成功备份为 D:\360云盘\DTK Zigbee Configure V61\DTK APPLICATION COM\Backup\MainForm.resx">
</Event><Event ErrorLevel="0" Project="DTK APPLICATION" Source="My Project\Resources.resx" Description="文件已成功备份为 D:\360云盘\DTK Zigbee Configure V61\DTK APPLICATION COM\Backup\My Project\Resources.resx">
</Event><Event ErrorLevel="0" Project="DTK APPLICATION" Source="DTK APPLICATION.vbproj" Description="项目文件不需要转换。">
</Event><Event ErrorLevel="3" Project="DTK APPLICATION" Source="DTK APPLICATION.vbproj" Description="无需转换">
</Event><Event ErrorLevel="0" Project="" Source="DTK APPLICATION.sln" Description="成功转换解决方案">
</Event><Event ErrorLevel="3" Project="" Source="DTK APPLICATION.sln" Description="Converted">
</Event></UpgradeLog>