﻿<?xml version="1.0" encoding="utf-8"?><trustInfo xmlns="urn:schemas-microsoft-com:asm.v2" xmlns:asmv2="urn:schemas-microsoft-com:asm.v2"><security><applicationRequestMinimum><PermissionSet class="System.Security.PermissionSet" version="1" ID="Custom" SameSite="site" Unrestricted="true" /><defaultAssemblyRequest permissionSetReference="Custom" /></applicationRequestMinimum><requestedPrivileges xmlns="urn:schemas-microsoft-com:asm.v3"><!--
          UAC Manifest Options
          If you want to change the Windows User Account Control level replace the 
          requestedExecutionLevel node with one of the following.

        <requestedExecutionLevel  level="asInvoker" uiAccess="false" />
        <requestedExecutionLevel  level="requireAdministrator" uiAccess="false" />
        <requestedExecutionLevel  level="highestAvailable" uiAccess="false" />

         If you want to utilize File and Registry Virtualization for backward 
         compatibility then delete the requestedExecutionLevel node.
    --><requestedExecutionLevel level="asInvoker" uiAccess="false" /></requestedPrivileges></security></trustInfo>